TPR,TPR_1,TPR_2,TPR_GAP,TNR,TNR_1,TNR_2,TNR_GAP,ACC,ACC_1,ACC_2,ACC_GAP,epsilon,fold,fairnessCriteria,algo,train_time
0.6413502109704642,0.6815286624203821,0.5625,0.11902866242038213,0.6838487972508591,0.5670731707317073,0.8346456692913385,0.2675724985596313,0.6647727272727273,0.6230529595015576,0.7294685990338164,0.10641563953225885,0,0,4,fairCorels,0.13839125633239746
